{
  "n_features": 21,
  "max_forward_fill_hours": 6,
  "outlier_sigma": 4.0,
  "stats_source": "reference",
  "reference_stats_path": "/Users/exusiaihy/Desktop/Python\u9ad8\u9636\u7a0b\u5e8f\u8bbe\u8ba1/project/data/s0/processed/preprocess_stats.json",
  "feature_medians": [
    85.0,
    118.0,
    58.0,
    77.0,
    19.0,
    97.0,
    37.0,
    14.0,
    1.0,
    20.0,
    127.0,
    11.5,
    178.0,
    4.0,
    139.0,
    1.899999976158142,
    0.8999999761581421,
    116.0,
    0.5,
    39.0,
    7.389999866485596
  ],
  "norm_means": [
    86.39152526855469,
    120.42375946044922,
    59.148250579833984,
    78.9390869140625,
    19.121498107910156,
    96.35702514648438,
    37.00510025024414,
    11.924259185791016,
    1.1668442487716675,
    22.768253326416016,
    131.59669494628906,
    11.965834617614746,
    183.76638793945312,
    4.049222946166992,
    139.1029510498047,
    1.9814711809158325,
    1.0258623361587524,
    123.11000061035156,
    0.5103939175605774,
    39.48078155517578,
    7.420398235321045
  ],
  "norm_stds": [
    17.47657585144043,
    22.23986053466797,
    13.326966285705566,
    14.544034957885742,
    2.573397159576416,
    1.0272618532180786,
    0.7799902558326721,
    3.8161635398864746,
    0.7862116098403931,
    13.400436401367188,
    31.440963745117188,
    4.091001987457275,
    64.73865509033203,
    0.40728598833084106,
    3.0845136642456055,
    0.667923092842102,
    0.9142060875892639,
    41.72328567504883,
    0.11926417797803879,
    5.185886383056641,
    0.17358191311359406
  ]
}