{
  "n_clusters": 4,
  "centers": [
    [
      -0.794567883014679,
      0.22113601863384247,
      0.2627694308757782,
      0.31401771306991577,
      0.6259493231773376,
      0.1744937002658844,
      -0.06108851730823517,
      0.05668359994888306,
      -0.23542703688144684,
      0.4331654906272888,
      0.7031325697898865,
      -0.28340452909469604,
      0.6653428077697754,
      -0.8009014129638672,
      0.3550945818424225,
      0.027071043848991394,
      0.18849875032901764,
      -0.30835026502609253,
      0.23305830359458923,
      -0.5897685885429382,
      -1.0293807983398438,
      -0.10832521319389343,
      0.06759870052337646,
      0.7440652251243591,
      0.08557741343975067,
      0.5601776838302612,
      0.5766802430152893,
      0.4020064175128937,
      -0.028279677033424377,
      -0.8620399236679077,
      -0.11262714117765427,
      -0.0996810793876648,
      0.09686747938394547,
      0.007890785112977028,
      -0.8990645408630371,
      -0.9265010356903076,
      -0.1679638773202896,
      0.30252915620803833,
      0.14431005716323853,
      -0.8620201349258423,
      -0.027241691946983337,
      0.49558162689208984,
      -0.1974579095840454,
      -0.04977065697312355,
      1.9116686582565308,
      -1.9055885076522827,
      -0.06254659593105316,
      -0.2600436806678772,
      -0.20180611312389374,
      0.0077908337116241455,
      0.1031026616692543,
      -1.8797953128814697,
      -0.6017866134643555,
      -0.9014344811439514,
      0.44909992814064026,
      -0.21994611620903015,
      0.8579312562942505,
      -0.25596994161605835,
      -0.036291804164648056,
      -1.5782513618469238,
      0.13924771547317505,
      -0.40781235694885254,
      -0.4423735737800598,
      -0.34943297505378723,
      -1.0017139911651611,
      0.0052499920129776,
      0.29735076427459717,
      0.3828374445438385,
      0.4464530348777771,
      0.4012730121612549,
      0.33795446157455444,
      -1.2357633113861084,
      0.5944399237632751,
      0.4311186373233795,
      0.7222440242767334,
      -0.18577797710895538,
      0.271490216255188,
      0.37170612812042236,
      -0.2312239408493042,
      1.8568881750106812,
      1.2887659072875977,
      -0.07794514298439026,
      -0.09041771292686462,
      0.2514358162879944,
      -0.39672884345054626,
      -0.31640034914016724,
      -0.5618632435798645,
      0.282062828540802,
      0.3500863015651703,
      -0.8113763332366943,
      0.41885650157928467,
      -0.7072404623031616,
      0.3916305899620056,
      -0.11912673711776733,
      0.020063109695911407,
      -0.11592347919940948,
      0.41853514313697815,
      0.5875719785690308,
      0.40908533334732056,
      0.6142829656600952,
      -0.015946805477142334,
      -0.35735052824020386,
      -0.11259467899799347,
      -0.8341906070709229,
      1.2579236030578613,
      0.051952164620161057,
      -1.9601378440856934,
      -0.04225321114063263,
      -1.1353139877319336,
      0.1292141228914261,
      -0.8677235841751099,
      -0.3271365463733673,
      -0.40706193447113037,
      0.4368622899055481,
      -0.1284169852733612,
      1.4235146045684814,
      -0.5591897368431091,
      -0.6296724081039429,
      -0.03705224394798279,
      -0.17829273641109467,
      0.34783676266670227,
      2.3653793334960938,
      2.0296292304992676,
      -0.09605693817138672,
      -0.4989326596260071,
      0.39074230194091797,
      0.7871661186218262,
      -0.4901171028614044
    ],
    [
      -1.3363713026046753,
      -0.1857897937297821,
      -0.03792005777359009,
      0.62469482421875,
      -0.01813569664955139,
      0.43808498978614807,
      -0.3440566062927246,
      0.00021437183022499084,
      -0.5112823247909546,
      -0.422961562871933,
      0.938556969165802,
      -0.3478357791900635,
      0.6337100863456726,
      -0.6513787508010864,
      0.2093351036310196,
      -0.24916736781597137,
      0.07390641421079636,
      -0.5367621183395386,
      0.06721270084381104,
      -0.6541585326194763,
      -1.34898042678833,
      -0.12243117392063141,
      0.2068248987197876,
      -0.07072749733924866,
      -0.31153133511543274,
      0.22426089644432068,
      0.2040499746799469,
      0.4118255376815796,
      -0.3814820945262909,
      -0.4423326849937439,
      -0.00324355810880661,
      -0.5057324171066284,
      -0.3212074339389801,
      0.024012340232729912,
      -0.4774036109447479,
      -0.3644067049026489,
      -0.21150559186935425,
      0.15190769731998444,
      0.1406717449426651,
      -0.6185673475265503,
      -0.5623372793197632,
      0.3313176929950714,
      0.10536867380142212,
      -0.028145652264356613,
      1.7586277723312378,
      -1.381683588027954,
      0.1990310400724411,
      0.4481487274169922,
      0.06737978011369705,
      -0.12842625379562378,
      0.3766559064388275,
      -1.5803450345993042,
      0.00803568959236145,
      -0.2985260486602783,
      0.6014203429222107,
      0.8112869262695312,
      -0.02272936701774597,
      -0.42023587226867676,
      -0.13985797762870789,
      -1.6195473670959473,
      0.08986624330282211,
      0.028817178681492805,
      -0.05739513784646988,
      -0.41217637062072754,
      -0.7253795862197876,
      -0.00743412971496582,
      -0.08292505145072937,
      -0.16633349657058716,
      0.1248156800866127,
      0.6963080763816833,
      0.18685048818588257,
      -0.8964266777038574,
      1.4566916227340698,
      0.3347671926021576,
      0.6189278364181519,
      0.043694235384464264,
      -0.1696767657995224,
      0.3146379292011261,
      0.36524319648742676,
      1.7876999378204346,
      2.168487071990967,
      0.04317167401313782,
      -0.333103209733963,
      0.40540575981140137,
      -0.18237212300300598,
      -0.37871742248535156,
      0.17351357638835907,
      0.42310982942581177,
      0.7116487622261047,
      -0.4442894160747528,
      0.1951291710138321,
      -0.422182559967041,
      -0.2542843222618103,
      -0.3032650351524353,
      -0.10905389487743378,
      0.5479003190994263,
      0.5797043442726135,
      0.3282971680164337,
      0.40331101417541504,
      0.48669055104255676,
      0.4665805697441101,
      -0.17999975383281708,
      0.07460624724626541,
      -0.8649842739105225,
      0.3993995785713196,
      -0.2614084482192993,
      -2.3146843910217285,
      -0.40111595392227173,
      -0.7629459500312805,
      -0.2092573344707489,
      -0.22100889682769775,
      0.05443698167800903,
      0.30420318245887756,
      0.22763684391975403,
      0.0740051120519638,
      0.730053186416626,
      -0.7024425268173218,
      -0.3710756003856659,
      -0.3552166223526001,
      -0.1324651688337326,
      0.28902366757392883,
      1.9080382585525513,
      2.684626340866089,
      -0.12159641087055206,
      -0.7584643363952637,
      0.29754358530044556,
      -0.07222525775432587,
      -0.29615092277526855
    ],
    [
      -0.8802409768104553,
      -0.740125834941864,
      0.39132729172706604,
      0.2331327199935913,
      0.2556132972240448,
      0.7976412773132324,
      -0.4340735077857971,
      -0.07724201679229736,
      -0.20887479186058044,
      0.08955845236778259,
      0.09541475772857666,
      0.04668945074081421,
      0.2628381550312042,
      -0.2869809567928314,
      0.25556233525276184,
      -0.06342235952615738,
      0.31331440806388855,
      -0.13115105032920837,
      0.4835641086101532,
      -0.5209634900093079,
      -0.2467968463897705,
      -0.24831241369247437,
      -0.5467445850372314,
      0.022823035717010498,
      -0.03793853521347046,
      0.01616346836090088,
      0.4432138502597809,
      -0.07924988865852356,
      -0.2906157374382019,
      -0.3006475865840912,
      -0.515536904335022,
      -0.3766520321369171,
      0.5019134283065796,
      0.07690926641225815,
      0.0793423056602478,
      -0.8437807559967041,
      0.33918994665145874,
      0.6706851720809937,
