{
  "n_patients": 11986,
  "n_windows": 5,
  "d_model": 128,
  "window_len": 24,
  "stride": 6,
  "window_starts": [
    0,
    6,
    12,
    18,
    24
  ],
  "shape": [
    11986,
    5,
    128
  ],
  "window_obs_density_mean": [
    0.2792557179927826,
    0.27332809567451477,
    0.2654721736907959,
    0.25954365730285645,
    0.2540305256843567
  ],
  "window_obs_density_std": [
    0.05618052929639816,
    0.05557883530855179,
    0.05451346933841705,
    0.0552106536924839,
    0.055688366293907166
  ]
}