{
  "PCA": {
    "K=2": {
      "sil": {
        "mean": 0.22304907793961024,
        "std": 0.000485374965299844
      },
      "mort_range": {
        "mean": 0.23842124164939654,
        "std": 0.00032735369823289057
      },
      "mort_min": {
        "mean": 0.0999755419115507,
        "std": 0.00011920726041620683
      },
      "mort_max": {
        "mean": 0.33839678356094727,
        "std": 0.00042315148835604536
      },
      "center_l1": {
        "mean": 0.005482745179425363,
        "std": 0.00040106785117114487
      }
    },
    "K=4": {
      "sil": {
        "mean": 0.061299419690306965,
        "std": 2.9312615406367206e-05
      },
      "mort_range": {
        "mean": 0.2921522032901339,
        "std": 0.00012268959559717254
      },
      "mort_min": {
        "mean": 0.06778560333459935,
        "std": 8.030227042462936e-05
      },
      "mort_max": {
        "mean": 0.3599378066247333,
        "std": 0.0001540354754041676
      },
      "center_l1": {
        "mean": 0.026558647236773154,
        "std": 0.00040666871055708914
      }
    }
  },
  "S1_masked": {
    "K=2": {
      "sil": {
        "mean": 0.11558769792318344,
        "std": 6.663471065735436e-06
      },
      "mort_range": {
        "mean": 0.1443790067423767,
        "std": 8.73123400761855e-05
      },
      "mort_min": {
        "mean": 0.08346963317892947,
        "std": 1.7611339765910927e-05
      },
      "mort_max": {
        "mean": 0.22784863992130616,
        "std": 6.970100143847502e-05
      },
      "center_l1": {
        "mean": 0.0072673105404845615,
        "std": 0.00022370462697657504
      }
    },
    "K=4": {
      "sil": {
        "mean": 0.08658534437417983,
        "std": 9.67486447186229e-05
      },
      "mort_range": {
        "mean": 0.17639394517801335,
        "std": 0.0002548311170936598
      },
      "mort_min": {
        "mean": 0.07034315052482795,
        "std": 0.0002636648955974918
      },
      "mort_max": {
        "mean": 0.24673709570284127,
        "std": 0.00017264317498087315
      },
      "center_l1": {
        "mean": 0.02419957413923502,
        "std": 0.00025472569222929767
      }
    }
  },
  "S15_lam05": {
    "K=2": {
      "sil": {
        "mean": 0.08444733917713165,
        "std": 6.683612616047426e-05
      },
      "mort_range": {
        "mean": 0.06614040509583133,
        "std": 0.00014570607807933006
      },
      "mort_min": {
        "mean": 0.10541255163168262,
        "std": 0.00011295254266479595
      },
      "mort_max": {
        "mean": 0.17155295672751394,
        "std": 3.315935517306026e-05
      },
      "center_l1": {
        "mean": 0.0033025019108554486,
        "std": 0.0003739444221344713
      }
    },
    "K=4": {
      "sil": {
        "mean": 0.07984917014837264,
        "std": 0.00046837190740489415
      },
      "mort_range": {
        "mean": 0.24583988710870655,
        "std": 0.0004403632938343937
      },
      "mort_min": {
        "mean": 0.049690564168280126,
        "std": 0.0003131647637073993
      },
      "mort_max": {
        "mean": 0.2955304512769866,
        "std": 0.0006392381215305375
      },
      "center_l1": {
        "mean": 0.016087757393962353,
        "std": 0.0008743978460481229
      }
    }
  },
  "S16_lam02": {
    "K=2": {
      "sil": {
        "mean": 0.08637429177761077,
        "std": 4.364085349746781e-06
      },
      "mort_range": {
        "mean": 0.10586024823474618,
        "std": 0.0003289567911895106
      },
      "mort_min": {
        "mean": 0.09145029884015028,
        "std": 0.00014694577173336905
      },
      "mort_max": {
        "mean": 0.19731054707489645,
        "std": 0.00018226260858984254
      },
      "center_l1": {
        "mean": 0.014215430630426795,
        "std": 0.0006638889356191123
      }
    },
    "K=4": {
      "sil": {
        "mean": 0.07925802916288376,
        "std": 0.00018542747717686678
      },
      "mort_range": {
        "mean": 0.25120580898628664,
        "std": 0.000927585270495159
      },
      "mort_min": {
        "mean": 0.045550328634186225,
        "std": 0.00021731610054123927
      },
      "mort_max": {
        "mean": 0.29675613762047287,
        "std": 0.0009422960044264601
      },
      "center_l1": {
        "mean": 0.020778420215211497,
        "std": 0.002638697643292688
      }
    }
  }
}