{
  "n_clusters": 4,
  "centers": [
    [
      -0.8734605312347412,
      -0.7433812618255615,
      0.394717812538147,
      0.2277962565422058,
      0.25509893894195557,
      0.7985737919807434,
      -0.42800769209861755,
      -0.07712811976671219,
      -0.20297379791736603,
      0.09566029906272888,
      0.09123790264129639,
      0.03710494935512543,
      0.2568000257015228,
      -0.28629204630851746,
      0.24755609035491943,
      -0.06369868665933609,
      0.30131614208221436,
      -0.1332331895828247,
      0.48172909021377563,
      -0.5112121105194092,
      -0.2449103593826294,
      -0.2442355453968048,
      -0.5436397194862366,
      0.026116013526916504,
      -0.02358938753604889,
      0.01111370325088501,
      0.4333111345767975,
      -0.07823088765144348,
      -0.2856529653072357,
      -0.3018489181995392,
      -0.5096264481544495,
      -0.37763646245002747,
      0.5052545666694641,
      0.07913382351398468,
      0.08094245195388794,
      -0.8429132699966431,
      0.33552825450897217,
      0.6678370237350464,
      0.5078097581863403,
      -0.04661017656326294,
      0.14818215370178223,
      0.4251039922237396,
      -0.6219483613967896,
      0.2731549143791199,
      1.4939345121383667,
      -1.8985215425491333,
      0.7731276154518127,
      -0.11884422600269318,
      0.3202088475227356,
      0.40688252449035645,
      0.1440337598323822,
      -1.7457988262176514,
      0.046054065227508545,
      -0.2720372974872589,
      0.16531148552894592,
      -0.003452673554420471,
      0.20367088913917542,
      -1.0153487920761108,
      0.16417744755744934,
      -0.7892781496047974,
      0.5696927905082703,
      -0.0651438981294632,
      -0.054311156272888184,
      -0.39293259382247925,
      -0.6739096641540527,
      0.34695470333099365,
      0.6221482157707214,
      -0.02770664542913437,
      0.01988305151462555,
      0.1355704367160797,
      0.3563463091850281,
      -0.952826976776123,
      1.1116077899932861,
      0.22428631782531738,
      0.4501323103904724,
      0.46609261631965637,
      0.09221316874027252,
      0.05329670011997223,
      -0.20219331979751587,
      1.4598820209503174,
      2.227651357650757,
      -0.23787641525268555,
      -0.3789748251438141,
      -0.443134605884552,
      -0.18976908922195435,
      -0.20626507699489594,
      -0.17822544276714325,
      0.34829241037368774,
      0.08977851271629333,
      -0.17745575308799744,
      -0.1694086790084839,
      -0.3269816040992737,
      0.10127805173397064,
      -0.16704244911670685,
      -0.43021565675735474,
      -0.18123528361320496,
      0.5120888352394104,
      0.4368749260902405,
      -0.3332470655441284,
      0.4084973633289337,
      -0.21141093969345093,
      -0.02195771038532257,
      0.2802240252494812,
      -0.7421389818191528,
      1.1191651821136475,
      0.3204675018787384,
      -2.350679874420166,
      -0.025542721152305603,
      -0.6787293553352356,
      -0.3475140929222107,
      -1.0474919080734253,
      -0.5873100757598877,
      0.3180515170097351,
      2.053380012512207e-05,
      0.10388635843992233,
      -0.2567905783653259,
      -0.7660613059997559,
      0.26321548223495483,
      -0.08556495606899261,
      0.23725906014442444,
      0.638155996799469,
      2.021355628967285,
      1.8867393732070923,
      -0.16554245352745056,
      -0.41374820470809937,
      0.005353644490242004,
      -0.24342480301856995,
      -0.5627795457839966
    ],
    [
      -0.7825220823287964,
      -0.3720294237136841,
      0.16685843467712402,
      0.1338052600622177,
      0.2883569896221161,
      0.9379221200942993,
      -0.29284799098968506,
      0.09942474216222763,
      0.06641270220279694,
      0.4873019754886627,
      0.8156052231788635,
      -0.0864029973745346,
      0.5567704439163208,
      -0.44397369027137756,
      -0.19849230349063873,
      -0.030601661652326584,
      -0.2796640992164612,
      -0.2910013198852539,
      0.11519501358270645,
      -0.7129937410354614,
      -1.3049925565719604,
      -0.16666972637176514,
      0.11949335038661957,
      0.6839421987533569,
      0.7903371453285217,
      0.37377434968948364,
      0.38964366912841797,
      0.33463171124458313,
      -0.31279948353767395,
      -0.7242463827133179,
      0.06785797327756882,
      -0.31654486060142517,
      -0.3742341101169586,
      -0.17176052927970886,
      -0.6562809348106384,
      -0.5681607723236084,
      -0.1628459393978119,
      0.1424129158258438,
      -0.04931022226810455,
      -0.49433019757270813,
      0.006910040974617004,
      0.782890796661377,
      -0.16248011589050293,
      0.06402268260717392,
      2.290928840637207,
      -1.9816412925720215,
      -0.5605406761169434,
      -0.5167853236198425,
      -0.40529799461364746,
      0.2894335091114044,
      0.05829920619726181,
      -1.4224298000335693,
      -0.5123459696769714,
      -0.6433777213096619,
      0.4763766825199127,
      0.07369977235794067,
      0.37376752495765686,
      -0.25186488032341003,
      -0.1573300063610077,
      -1.2310339212417603,
      0.0666080117225647,
      0.4385662376880646,
      0.4802727997303009,
      -0.533255934715271,
      -0.4893680512905121,
      0.647884726524353,
      -0.35989031195640564,
      0.15895631909370422,
      -0.21265551447868347,
      0.6884635090827942,
      -0.30328088998794556,
      -1.0896410942077637,
      1.0324387550354004,
      0.02255307137966156,
      0.20822301506996155,
      -0.09368003904819489,
      0.3168473541736603,
      0.22176069021224976,
      -0.258558988571167,
      1.638464331626892,
      1.9055765867233276,
      0.30590856075286865,
      -0.04485061764717102,
      0.13406841456890106,
      -0.43991923332214355,
      -0.5164439678192139,
      -0.10512001812458038,
      0.9068580865859985,
      0.21365079283714294,
      -0.3145175874233246,
      0.08014578372240067,
      -0.3804977238178253,
      0.48769450187683105,
      -0.7171933650970459,
      -0.0115579292178154,
      0.2500336468219757,
      0.7664352655410767,
      0.20525352656841278,
      0.13312599062919617,
      0.4678090810775757,
      -0.18261605501174927,
      -0.2480800449848175,
      0.23725835978984833,
      -0.14989835023880005,
      0.6025176048278809,
      -0.13643606007099152,
      -1.8004001379013062,
      -0.10226058214902878,
      -1.3080449104309082,
      -0.052775029093027115,
      -0.447315514087677,
      -0.45299002528190613,
      0.04839782044291496,
      0.4965658187866211,
      -0.34043145179748535,
      1.2710926532745361,
      -0.4706856608390808,
      -0.32789209485054016,
      -0.6282669305801392,
      -0.19552910327911377,
      0.04174673557281494,
      2.474719285964966,
      1.8905190229415894,
      -0.11859836429357529,
      -0.5556063652038574,
      0.10125073790550232,
      -0.08313785493373871,
      -0.47371551394462585
    ],
    [
      -0.780916690826416,
      0.21202731132507324,
      0.2706344425678253,
      0.3051123023033142,
      0.6293054819107056,
      0.16879266500473022,
      -0.05509623885154724,
      0.052831292152404785,
      -0.2372192144393921,
      0.44340530037879944,
      0.7025029063224792,
      -0.28880733251571655,
      0.6573527455329895,
      -0.7966699004173279,
      0.3536747097969055,
      0.02960071712732315,
      0.183023139834404,
      -0.30506324768066406,
      0.2398253083229065,
      -0.5714641809463501,
      -1.0381075143814087,
      -0.10752910375595093,
      0.07446714490652084,
      0.7477736473083496,
      0.09109261631965637,
      0.5627473592758179,
      0.5755575895309448,
      0.4039321541786194,
      -0.016755566000938416,
      -0.8654625415802002,
      -0.12130850553512573,
      -0.08903011679649353,
      0.09579363465309143,
      0.0005908068269491196,
      -0.9007689356803894,
      -0.9271466732025146,
      -0.15405693650245667,
      0.3100654184818268,
